participant	BIC_C1	BIC_C2	BIC_C3	BIC_A1	BIC_A2	BIC_A3
22	-331.09866819851806	-385.77704334638383	-406.81590421891923	-318.9911848472343	-344.01514736432244	-320.4607061031764
