participant	BIC_C1	BIC_C2	BIC_C3	BIC_A1	BIC_A2	BIC_A3
15	-353.42556048661436	-557.00007441044	-401.9117579538606	-335.04893530323875	-305.70089895727585	-304.9571259853172
