participant	BIC_C1	BIC_C2	BIC_C3	BIC_A1	BIC_A2	BIC_A3
34	-321.71261732846233	-587.110061013208	-349.1012381622701	-311.2689639831543	-269.1303931407328	-273.3292317696271
