participant	BIC_C1	BIC_C2	BIC_C3	BIC_A1	BIC_A2	BIC_A3
21	-325.18964723788076	-526.9649050956714	-366.32568567399073	-312.7334181093891	-294.3292543688165	-295.6843939860222
