participant	BIC_C1	BIC_C2	BIC_C3	BIC_A1	BIC_A2	BIC_A3
02	-290.58440421102256	-281.4852149272369	-365.34485642097894	-236.40020504942908	-281.3107682856871	-240.3833905709721
