participant	BIC_C1	BIC_C2	BIC_C3	BIC_A1	BIC_A2	BIC_A3
01	-366.8072064619488	-561.0227699869524	-419.7636856116238	-364.3381301888949	-348.1217628521129	-345.30361376162483
