participant	BIC_C1	BIC_C2	BIC_C3	BIC_A1	BIC_A2	BIC_A3
08	-317.82431084965145	-566.0449981020046	-347.3751457275594	-310.61434869625674	-280.86036256905936	-285.62163510385324
