participant	BIC_C1	BIC_C2	BIC_C3	BIC_A1	BIC_A2	BIC_A3
16	-341.1293046825193	-443.5553902035499	-404.50089660592664	-325.93075924025084	-317.6828934169435	-309.4526688370753
