participant	BIC_C1	BIC_C2	BIC_C3	BIC_A1	BIC_A2	BIC_A3
17	-287.0008852725664	-393.8074262549886	-337.4355191284074	-272.1712379615207	-279.471001846282	-270.1295985383863
