participant	BIC_C1	BIC_C2	BIC_C3	BIC_A1	BIC_A2	BIC_A3
14	-355.7689675741286	-626.9463558658542	-389.6571237417161	-375.450590343055	-330.2683663780473	-336.36477376226145
