participant	BIC_C1	BIC_C2	BIC_C3	BIC_A1	BIC_A2	BIC_A3
25	-325.03024261027394	-625.4827708590309	-346.0274163342002	-328.0733464956347	-282.49019904002296	-289.16601989268935
