participant	BIC_C1	BIC_C2	BIC_C3	BIC_A1	BIC_A2	BIC_A3
12	-302.96618735463227	-423.14613533443696	-352.97243917317803	-271.86328878939105	-255.82671868944055	-244.4263526317575
