participant	BIC_C1	BIC_C2	BIC_C3	BIC_A1	BIC_A2	BIC_A3
29	-286.6268762631697	-547.9639148401226	-307.15905822170424	-320.8491742935913	-280.6821853021469	-287.1147456070114
