participant	BIC_C1	BIC_C2	BIC_C3	BIC_A1	BIC_A2	BIC_A3
24	-225.17201434869776	-370.98347065465657	-252.3868799240902	-222.69614458808053	-209.58818350612165	-211.83686638783192
