participant	BIC_C1	BIC_C2	BIC_C3	BIC_A1	BIC_A2	BIC_A3
20	-331.43378332420446	-544.014583486455	-372.3284442277174	-335.8731600480327	-328.541984691187	-325.22703809368136
