participant	BIC_C1	BIC_C2	BIC_C3	BIC_A1	BIC_A2	BIC_A3
05	-313.3225730685112	-535.7623402904001	-346.78623054927755	-322.23778847518565	-297.90825672857403	-299.357906860595
