participant	BIC_C1	BIC_C2	BIC_C3	BIC_A1	BIC_A2	BIC_A3
32	-311.4853086568585	-520.2217367980581	-345.7532852951267	-324.2561219764843	-297.3642044311513	-298.8395036068946
