participant	BIC_C1	BIC_C2	BIC_C3	BIC_A1	BIC_A2	BIC_A3
18	-290.69169283749034	-544.0673128556922	-312.2466545569366	-295.5755436681216	-264.24296179028863	-270.04721089752087
