participant	BIC_C1	BIC_C2	BIC_C3	BIC_A1	BIC_A2	BIC_A3
23	-337.97496737878873	-389.361561785173	-411.09257033793534	-312.52420914597667	-333.05655872196047	-308.6220963172211
