participant	BIC_C1	BIC_C2	BIC_C3	BIC_A1	BIC_A2	BIC_A3
36	-305.283922675865	-531.7110747494578	-335.8272097293531	-306.33965919383934	-269.44002087482585	-275.29998125816013
