participant	BIC_C1	BIC_C2	BIC_C3	BIC_A1	BIC_A2	BIC_A3
35	-313.7859656390425	-583.9605771472899	-339.03027749408335	-348.9987642733321	-315.9770210230895	-320.3055013143671
