participant	BIC_C1	BIC_C2	BIC_C3	BIC_A1	BIC_A2	BIC_A3
27	-287.99606515638663	-497.06992128908234	-319.819157541957	-284.8683437198634	-262.3545209542368	-264.432150745942
