participant	BIC_C1	BIC_C2	BIC_C3	BIC_A1	BIC_A2	BIC_A3
13	-346.5150503705379	-662.408362967303	-369.85708861130786	-341.78187686272236	-286.87422751677286	-290.6114629704078
