participant	BIC_C1	BIC_C2	BIC_C3	BIC_A1	BIC_A2	BIC_A3
10	-317.31816817378984	-490.4584731927388	-360.2051440846076	-313.68093661869415	-296.32770591227995	-297.0803078171731
