participant	BIC_C1	BIC_C2	BIC_C3	BIC_A1	BIC_A2	BIC_A3
04	-273.79026684740717	-422.15568147090545	-311.20015826940755	-257.37304707896317	-243.90347024335844	-239.2263415847656
