participant	BIC_C1	BIC_C2	BIC_C3	BIC_A1	BIC_A2	BIC_A3
09	-318.62750149377365	-566.7882622830375	-346.73411454813845	-313.51380394930305	-270.10475614710276	-276.2000399010966
