participant	BIC_C1	BIC_C2	BIC_C3	BIC_A1	BIC_A2	BIC_A3
07	-301.07760653927073	-552.6286410963891	-326.3451642394483	-310.4744566719617	-271.29010769779677	-277.7825814001074
