participant	BIC_C1	BIC_C2	BIC_C3	BIC_A1	BIC_A2	BIC_A3
30	-365.8718821513617	-492.27733382181816	-431.8348697535947	-366.16385046288593	-372.12340028208087	-358.9522605468445
