participant	BIC_C1	BIC_C2	BIC_C3	BIC_A1	BIC_A2	BIC_A3
28	-345.7951300391708	-590.6233740330954	-383.7200322225067	-334.6164601969317	-294.5496242405844	-294.08174369358983
