participant	BIC_C1	BIC_C2	BIC_C3	BIC_A1	BIC_A2	BIC_A3
11	-314.4126190588007	-429.6621206025422	-369.87063964468615	-311.2628550078774	-297.8963033728586	-298.2275016265777
