participant	BIC_C1	BIC_C2	BIC_C3	BIC_A1	BIC_A2	BIC_A3
03	-327.9443308947874	-568.8984168536662	-360.5970581593374	-335.1519410515233	-289.29463805613847	-296.2328332237684
