participant	BIC_C1	BIC_C2	BIC_C3	BIC_A1	BIC_A2	BIC_A3
31	-327.17615078390133	-649.2611394990954	-345.63550225947034	-332.7491261635002	-294.2430543679968	-300.01644414852535
