participant	BIC_C1	BIC_C2	BIC_C3	BIC_A1	BIC_A2	BIC_A3
33	-301.3178555584879	-598.5775373748036	-316.33987060577897	-335.48531000549553	-293.44343984061317	-301.5617076276492
