participant	BIC_C1	BIC_C2	BIC_C3	BIC_A1	BIC_A2	BIC_A3
26	-341.62688106000235	-624.0171045864363	-369.45162350319964	-366.8406023236059	-318.5433442290404	-325.6677454119134
