participant	BIC_C1	BIC_C2	BIC_C3	BIC_A1	BIC_A2	BIC_A3
06	-312.6912095719944	-464.0438474011347	-361.42153940893206	-299.600627303161	-286.74834371788364	-279.20681126287275
