participant	BIC_C1	BIC_C2	BIC_C3	BIC_A1	BIC_A2	BIC_A3
19	-280.8461327473774	-515.6694815220217	-305.9426628973797	-272.23401204783664	-230.41580956289852	-224.69460663669963
